"0","predict(model,df,type=""raw"")
"
"1","      "
"1","          1232"
"1","          1261"
"1","         1359"
"1","         1416"
"1","         1601"
"1","         1706"
"1","          2007"
"1","          2029"
"1","
  [1,]"
"1","  6.936305e-31"
"1","  1.801839e-14"
"1"," 1.300256e-09"
"1"," 2.525575e-07"
"1"," 5.385139e-08"
"1"," 1.966008e-02"
"1","  3.062590e-23"
"1","  1.498249e-27"
"1","
  [2,]"
"1","  4.439172e-12"
"1","  2.166407e-06"
"1"," 9.561849e-05"
"1"," 1.123228e-10"
"1"," 1.065854e-10"
"1"," 5.970129e-06"
"1","  4.983891e-08"
"1","  7.512150e-07"
"1","
  [3,]"
"1","  9.807595e-89"
"1","  4.795009e-51"
"1"," 1.697759e-19"
"1"," 3.482425e-08"
"1"," 1.531305e-06"
"1"," 6.566902e-08"
"1","  3.200408e-13"
"1","  4.573479e-41"
"1","
"
"1","      "
"1","         2033"
"1","         2044"
"1","          2058"
"1","          2061"
"1","          2062"
"1","         2073"
"1","         2074"
"1","          2080"
"1","
  [1,]"
"1"," 1.356482e-09"
"1"," 2.517545e-14"
"1","  1.180204e-17"
"1","  1.037266e-23"
"1","  3.145370e-23"
"1"," 3.564862e-10"
"1"," 7.661059e-06"
"1","  5.001196e-97"
"1","
  [2,]"
"1"," 4.735679e-08"
"1"," 2.046528e-08"
"1","  9.829128e-09"
"1","  7.318463e-09"
"1","  1.634057e-07"
"1"," 4.190540e-09"
"1"," 3.182138e-09"
"1","  9.566526e-18"
"1","
  [3,]"
"1"," 8.218642e-26"
"1"," 1.775396e-35"
"1","  1.275966e-10"
"1","  3.004919e-09"
"1","  1.422117e-30"
"1"," 6.700657e-43"
"1"," 1.000202e-09"
"1","  0.000000e+00"
"1","
"
"1","      "
"1","          2096"
"1","         2097"
"1","         2132"
"1","          2141"
"1","         2143"
"1","         2145"
"1","          2201"
"1","          2218"
"1","
  [1,]"
"1","  1.247215e-24"
"1"," 4.431993e-07"
"1"," 1.238333e-24"
"1","  6.488186e-85"
"1"," 9.961514e-25"
"1"," 4.608716e-19"
"1","  2.888573e-10"
"1","  2.828453e-07"
"1","
  [2,]"
"1","  1.029233e-10"
"1"," 4.251549e-10"
"1"," 9.248392e-10"
"1","  1.019836e-12"
"1"," 3.632101e-10"
"1"," 2.076101e-06"
"1","  1.221258e-09"
"1","  5.145826e-08"
"1","
  [3,]"
"1","  4.515699e-21"
"1"," 5.579621e-09"
"1"," 1.173791e-08"
"1"," 1.086222e-286"
"1"," 3.096580e-08"
"1"," 1.240758e-53"
"1","  1.905530e-41"
"1","  4.603298e-27"
"1","
"
"1","      "
"1","          2232"
"1","         2288"
"1","         2293"
"1","         2297"
"1","         2308"
"1","          2313"
"1","          2314"
"1","         2339"
"1","
  [1,]"
"1","  3.862533e-25"
"1"," 3.217599e-06"
"1"," 2.226242e-13"
"1"," 6.578861e-06"
"1"," 6.274053e-06"
"1","  4.278232e-17"
"1","  2.813703e-10"
"1"," 1.271476e-05"
"1","
  [2,]"
"1","  1.622676e-07"
"1"," 8.787598e-07"
"1"," 2.255634e-10"
"1"," 1.171285e-08"
"1"," 1.342568e-09"
"1","  6.090748e-12"
"1","  2.512677e-03"
"1"," 1.904445e-10"
"1","
  [3,]"
"1"," 2.384042e-122"
"1"," 7.724605e-41"
"1"," 1.098134e-26"
"1"," 5.134087e-09"
"1"," 1.090701e-07"
"1"," 1.955071e-124"
"1","  4.463147e-48"
"1"," 1.261978e-05"
"1","
"
"1","      "
"1","          2342"
"1","         2348"
"1","         2362"
"1","         2367"
"1","         2372"
"1","         2377"
"1","         2400"
"1","          2422"
"1","
  [1,]"
"1","  2.704266e-06"
"1"," 1.801343e-07"
"1"," 1.443634e-26"
"1"," 1.201172e-08"
"1"," 3.829214e-11"
"1"," 5.059448e-09"
"1"," 3.967315e-14"
"1","  1.705158e-26"
"1","
  [2,]"
"1","  7.141833e-32"
"1"," 9.284909e-06"
"1"," 3.447882e-06"
"1"," 4.869884e-06"
"1"," 7.756683e-09"
"1"," 3.536014e-11"
"1"," 4.486049e-05"
"1","  7.194197e-08"
"1","
  [3,]"
"1"," 8.943490e-103"
"1"," 1.967279e-07"
"1"," 3.349669e-11"
"1"," 1.115164e-09"
"1"," 2.978718e-11"
"1"," 1.229476e-01"
"1"," 2.746191e-11"
"1"," 6.627346e-127"
"1","
"
"1","      "
"1","          2450"
"1","          2451"
"1","          2478"
"1","         2496"
"1","          2501"
"1","         2506"
"1","         2519"
"1","         2564"
"1","
  [1,]"
"1","  2.476793e-17"
"1","  8.632703e-27"
"1","  8.078866e-26"
"1"," 6.626762e-07"
"1","  2.064603e-25"
"1"," 9.233061e-19"
"1"," 3.957662e-15"
"1"," 5.851137e-04"
"1","
  [2,]"
"1","  5.389688e-05"
"1","  8.238340e-07"
"1","  2.412917e-09"
"1"," 2.562444e-08"
"1","  2.296655e-09"
"1"," 1.642236e-08"
"1"," 2.277210e-10"
"1"," 1.022695e-01"
"1","
  [3,]"
"1"," 7.502158e-139"
"1","  1.407645e-76"
"1","  5.824163e-24"
"1"," 8.756061e-13"
"1","  4.868993e-23"
"1"," 1.458000e-13"
"1"," 1.511113e-15"
"1"," 3.505985e-10"
"1","
"
"1","      "
"1","         2571"
"1","         2576"
"1","         2600"
"1","          2642"
"1","         2645"
"1","          2659"
"1","          2686"
"1","         2690"
"1","
  [1,]"
"1"," 4.294384e-07"
"1"," 1.549398e-06"
"1"," 1.513817e-09"
"1","  1.114122e-21"
"1"," 6.644586e-06"
"1","  1.364724e-28"
"1","  2.447625e-50"
"1"," 4.895054e-13"
"1","
  [2,]"
"1"," 1.425462e-04"
"1"," 1.749208e-11"
"1"," 3.019709e-07"
"1","  7.300402e-07"
"1"," 3.549957e-10"
"1","  3.143696e-08"
"1","  5.418100e-06"
"1"," 7.575453e-08"
"1","
  [3,]"
"1"," 6.813210e-18"
"1"," 2.397081e-15"
"1"," 2.589109e-10"
"1"," 2.651263e-137"
"1"," 8.115638e-15"
"1","  8.362535e-93"
"1"," 3.539993e-227"
"1"," 2.731746e-52"
"1","
"
"1","      "
"1","         2694"
"1","         2705"
"1","         2716"
"1","          2718"
"1","          2720"
"1","          2773"
"1","          2778"
"1","          2782"
"1","
  [1,]"
"1"," 2.828399e-11"
"1"," 1.010424e-06"
"1"," 4.280541e-10"
"1","  2.634109e-06"
"1","  2.545833e-28"
"1","  3.660956e-17"
"1","  4.841424e-22"
"1","  8.621664e-18"
"1","
  [2,]"
"1"," 1.054719e-10"
"1"," 6.111322e-04"
"1"," 1.456357e-04"
"1","  1.964980e-09"
"1","  6.948613e-07"
"1","  1.049813e-07"
"1","  4.775364e-07"
"1","  7.170526e-16"
"1","
  [3,]"
"1"," 2.727098e-06"
"1"," 2.142398e-17"
"1"," 1.008597e-26"
"1","  2.315531e-73"
"1","  8.637478e-88"
"1"," 1.086867e-122"
"1","  5.371697e-12"
"1"," 1.473954e-142"
"1","
"
"1","      "
"1","         2818"
"1","          2821"
"1","         2837"
"1","         2871"
"1","          2897"
"1","          2904"
"1","         2909"
"1","         2911"
"1","
  [1,]"
"1"," 1.488544e-02"
"1","  3.427058e-16"
"1"," 2.300036e-04"
"1"," 1.106030e-03"
"1","  3.612866e-10"
"1","  7.392218e-07"
"1"," 1.213194e-13"
"1"," 6.684116e-06"
"1","
  [2,]"
"1"," 1.249135e-04"
"1","  7.640583e-07"
"1"," 1.953258e-09"
"1"," 1.378865e-05"
"1","  1.851763e-19"
"1","  1.872661e-01"
"1"," 5.359448e-07"
"1"," 4.881719e-08"
"1","
  [3,]"
"1"," 3.553648e-12"
"1"," 2.215566e-122"
"1"," 2.522014e-12"
"1"," 4.857735e-13"
"1","  9.089117e-33"
"1"," 5.300118e-104"
"1"," 1.499363e-52"
"1"," 7.587858e-07"
"1","
"
"1","      "
"1","         2942"
"1","          2960"
"1","         3033"
"1","         3034"
"1","          3038"
"1","         3055"
"1","          3069"
"1","         3072"
"1","
  [1,]"
"1"," 6.043077e-07"
"1","  1.808872e-23"
"1"," 4.044531e-07"
"1"," 2.016876e-09"
"1","  2.972085e-32"
"1"," 2.493678e-10"
"1","  8.237772e-07"
"1"," 1.475433e-09"
"1","
  [2,]"
"1"," 2.212361e-04"
"1","  1.554164e-07"
"1"," 1.647466e-10"
"1"," 1.919771e-13"
"1","  1.883266e-07"
"1"," 6.375691e-11"
"1","  2.371761e-25"
"1"," 5.817940e-07"
"1","
  [3,]"
"1"," 6.444695e-13"
"1","  9.521522e-14"
"1"," 5.436854e-07"
"1"," 1.199049e-08"
"1","  1.368263e-75"
"1"," 6.386316e-27"
"1","  9.232556e-48"
"1"," 7.359684e-26"
"1","
"
"1","      "
"1","         3102"
"1","          3117"
"1","         3161"
"1","         3221"
"1","          3310"
"1","         3339"
"1","          3346"
"1","         3375"
"1","
  [1,]"
"1"," 9.252540e-09"
"1","  1.689025e-17"
"1"," 2.482878e-11"
"1"," 1.920591e-15"
"1","  5.449593e-22"
"1"," 3.389045e-18"
"1","  3.214639e-21"
"1"," 3.410202e-20"
"1","
  [2,]"
"1"," 5.994774e-08"
"1","  2.711472e-08"
"1"," 6.426545e-10"
"1"," 2.369559e-13"
"1","  3.198079e-06"
"1"," 1.771691e-11"
"1","  4.949157e-09"
"1"," 4.502946e-11"
"1","
  [3,]"
"1"," 4.874433e-11"
"1","  3.678050e-11"
"1"," 2.874152e-14"
"1"," 5.988381e-01"
"1","  2.943227e-81"
"1"," 2.278267e-39"
"1"," 4.347680e-136"
"1"," 1.894039e-03"
"1","
"
"1","      "
"1","         3407"
"1","          3424"
"1","          3445"
"1","         3447"
"1","          3477"
"1","         3482"
"1","          3500"
"1","          3506"
"1","
  [1,]"
"1"," 2.045585e-03"
"1","  7.164875e-29"
"1","  4.128342e-07"
"1"," 3.335432e-20"
"1","  1.652073e-60"
"1"," 1.886412e-06"
"1","  2.198259e-23"
"1","  1.117854e-40"
"1","
  [2,]"
"1"," 1.433187e-26"
"1","  6.579774e-10"
"1","  3.830875e-10"
"1"," 2.022959e-11"
"1","  2.401220e-08"
"1"," 5.435206e-07"
"1","  8.982563e-08"
"1","  5.653240e-10"
"1","
  [3,]"
"1"," 7.844590e-15"
"1"," 1.535378e-105"
"1","  1.202950e-28"
"1"," 2.831519e-02"
"1"," 2.069002e-260"
"1"," 6.355173e-19"
"1","  2.492934e-12"
"1"," 3.145398e-185"
"1","
"
"1","      "
"1","         3579"
"1","          3580"
"1","          3600"
"1","         3617"
"1","          3646"
"1","          3690"
"1","         3691"
"1","          3692"
"1","
  [1,]"
"1"," 5.640293e-07"
"1","  2.020275e-26"
"1","  4.347005e-24"
"1"," 5.891127e-05"
"1","  2.313944e-13"
"1","  2.458153e-09"
"1"," 5.831455e-17"
"1","  2.905368e-23"
"1","
  [2,]"
"1"," 1.518669e-08"
"1","  2.889698e-10"
"1","  8.332330e-03"
"1"," 6.354119e-09"
"1","  6.071226e-21"
"1","  8.434921e-08"
"1"," 3.071198e-09"
"1","  1.036816e-08"
"1","
  [3,]"
"1"," 2.824149e-10"
"1","  1.748897e-97"
"1","  2.859658e-31"
"1"," 6.648038e-08"
"1"," 1.052599e-121"
"1","  4.397971e-27"
"1"," 1.011762e-50"
"1","  1.317944e-10"
"1","
"
"1","      "
"1","         3697"
"1","          3722"
"1","          3816"
"1","         3929"
"1","          3983"
"1","          3989"
"1","          4011"
"1","         4127"
"1","
  [1,]"
"1"," 1.687863e-01"
"1","  4.105040e-21"
"1"," 5.111454e-128"
"1"," 5.597921e-06"
"1","  5.562497e-16"
"1","  3.311554e-07"
"1","  7.885149e-26"
"1"," 3.075847e-05"
"1","
  [2,]"
"1"," 1.953466e-05"
"1","  1.292551e-07"
"1","  5.290089e-22"
"1"," 1.322996e-09"
"1","  1.678363e-07"
"1","  1.718822e-11"
"1","  6.371408e-08"
"1"," 2.189124e-09"
"1","
  [3,]"
"1"," 3.860092e-09"
"1"," 4.201938e-141"
"1","  2.722598e-09"
"1"," 9.954466e-06"
"1"," 1.876015e-117"
"1","  4.208627e-24"
"1"," 2.995114e-101"
"1"," 4.886363e-05"
"1","
"
"1","      "
"1","         4189"
"1","         4194"
"1","         4198"
"1","         4230"
"1","          4249"
"1","         4272"
"1","          4284"
"1","          4294"
"1","
  [1,]"
"1"," 1.256860e-24"
"1"," 8.350650e-27"
"1"," 3.462872e-10"
"1"," 5.346463e-07"
"1","  4.262894e-27"
"1"," 8.022288e-07"
"1","  3.359380e-09"
"1","  2.543684e-23"
"1","
  [2,]"
"1"," 2.393104e-09"
"1"," 8.853588e-12"
"1"," 1.347984e-11"
"1"," 5.127874e-10"
"1","  4.888963e-08"
"1"," 2.999213e-10"
"1","  1.944407e-07"
"1","  1.291983e-07"
"1","
  [3,]"
"1"," 9.341531e-10"
"1"," 1.460716e-09"
"1"," 7.503225e-44"
"1"," 7.146330e-06"
"1","  2.107532e-46"
"1"," 2.752372e-07"
"1","  3.226458e-30"
"1","  1.663306e-18"
"1","
"
"1","      "
"1","         4317"
"1","          4320"
"1","         4332"
"1","         4345"
"1","         4364"
"1","          4374"
"1","         4440"
"1","          4490"
"1","
  [1,]"
"1"," 1.825867e-07"
"1","  7.566671e-26"
"1"," 5.543464e-09"
"1"," 2.913538e-06"
"1"," 7.203653e-15"
"1","  7.108230e-26"
"1"," 5.920733e-05"
"1","  2.713309e-23"
"1","
  [2,]"
"1"," 4.967969e-08"
"1","  4.202134e-08"
"1"," 5.245346e-11"
"1"," 5.436056e-10"
"1"," 3.368552e-06"
"1","  2.767439e-06"
"1"," 1.303336e-08"
"1","  1.692832e-07"
"1","
  [3,]"
"1"," 5.017488e-10"
"1","  1.125124e-38"
"1"," 6.826137e-02"
"1"," 2.629222e-05"
"1"," 9.231906e-08"
"1","  4.861001e-48"
"1"," 6.578271e-05"
"1","  3.835165e-13"
"1","
"
"1","      "
"1","          4534"
"1","          4537"
"1","         4541"
"1","          4614"
"1","         4621"
"1","         4639"
"1","         4695"
"1","          4775"
"1","
  [1,]"
"1","  8.804706e-23"
"1","  3.467264e-04"
"1"," 1.477241e-04"
"1","  3.872801e-15"
"1"," 6.140806e-08"
"1"," 2.292410e-05"
"1"," 6.127400e-09"
"1","  5.367926e-35"
"1","
  [2,]"
"1","  3.175132e-08"
"1","  9.883816e-17"
"1"," 1.793041e-10"
"1","  7.905188e-17"
"1"," 1.025193e-10"
"1"," 4.891662e-08"
"1"," 5.334428e-13"
"1","  4.718910e-12"
"1","
  [3,]"
"1","  1.661011e-14"
"1","  2.050902e-61"
"1"," 1.683618e-07"
"1","  2.753083e-92"
"1"," 4.358695e-06"
"1"," 1.751926e-06"
"1"," 2.106482e-10"
"1","  1.686500e-57"
"1","
"
"1","      "
"1","          4841"
"1","          4859"
"1","          4930"
"1","         4936"
"1","         4968"
"1","         5010"
"1","          5130"
"1","          5147"
"1","
  [1,]"
"1","  2.415567e-34"
"1","  1.985675e-25"
"1","  4.263975e-18"
"1"," 1.522599e-06"
"1"," 1.943847e-12"
"1"," 1.735853e-06"
"1","  5.205815e-25"
"1","  1.098180e-39"
"1","
  [2,]"
"1","  1.864686e-08"
"1","  9.540571e-10"
"1","  7.795568e-08"
"1"," 1.785265e-05"
"1"," 6.229490e-05"
"1"," 2.106884e-10"
"1","  3.149716e-10"
"1","  5.937832e-31"
"1","
  [3,]"
"1"," 1.079857e-143"
"1","  5.236836e-16"
"1","  3.985142e-19"
"1"," 8.071064e-15"
"1"," 2.058794e-27"
"1"," 2.939153e-08"
"1","  5.932633e-10"
"1","  6.661655e-93"
"1","
"
"1","      "
"1","         5151"
"1","         5160"
"1","         5175"
"1","         5208"
"1","          5209"
"1","          5231"
"1","         5253"
"1","          5301"
"1","
  [1,]"
"1"," 1.959462e-07"
"1"," 1.987323e-01"
"1"," 6.914792e-11"
"1"," 6.286219e-16"
"1","  1.481698e-15"
"1","  2.775226e-21"
"1"," 2.399661e-05"
"1","  1.928323e-22"
"1","
  [2,]"
"1"," 3.215565e-17"
"1"," 1.274577e-07"
"1"," 2.923502e-10"
"1"," 1.161935e-13"
"1","  1.243438e-41"
"1","  1.455121e-13"
"1"," 1.253569e-08"
"1","  4.139974e-07"
"1","
  [3,]"
"1"," 2.133788e-22"
"1"," 1.958325e-19"
"1"," 7.692867e-24"
"1"," 1.399901e-51"
"1","  9.152383e-30"
"1","  2.184832e-33"
"1"," 9.850842e-05"
"1"," 3.583140e-147"
"1","
"
"1","      "
"1","         5324"
"1","         5326"
"1","         5377"
"1","          5390"
"1","          5399"
"1","         5405"
"1","         5415"
"1","          5429"
"1","
  [1,]"
"1"," 4.018910e-11"
"1"," 2.133945e-08"
"1"," 1.963853e-05"
"1","  6.286538e-22"
"1","  3.978934e-06"
"1"," 6.797713e-02"
"1"," 1.070824e-06"
"1","  1.947594e-06"
"1","
  [2,]"
"1"," 1.404693e-06"
"1"," 4.577289e-12"
"1"," 8.064298e-09"
"1","  2.212059e-08"
"1","  2.323993e-04"
"1"," 6.561925e-05"
"1"," 3.552536e-05"
"1","  3.589368e-12"
"1","
  [3,]"
"1"," 1.919694e-26"
"1"," 4.432200e-06"
"1"," 1.474583e-08"
"1","  2.360827e-12"
"1","  1.219474e-27"
"1"," 1.509595e-12"
"1"," 2.507329e-08"
"1","  1.258250e-17"
"1","
"
"1","      "
"1","         5460"
"1","          5472"
"1","         5485"
"1","          5488"
"1","         5507"
"1","         5562"
"1","         5605"
"1","         5617"
"1","
  [1,]"
"1"," 7.600917e-05"
"1","  8.439016e-30"
"1"," 2.275118e-10"
"1","  3.969737e-08"
"1"," 2.836981e-13"
"1"," 4.077639e-12"
"1"," 2.767002e-11"
"1"," 2.125234e-04"
"1","
  [2,]"
"1"," 1.627533e-10"
"1","  4.526472e-05"
"1"," 2.037675e-20"
"1","  6.392762e-15"
"1"," 1.601253e-10"
"1"," 2.608484e-07"
"1"," 4.125092e-21"
"1"," 2.588477e-01"
"1","
  [3,]"
"1"," 4.605340e-18"
"1","  1.366990e-48"
"1"," 1.643837e-06"
"1","  6.559511e-79"
"1"," 4.050835e-49"
"1"," 2.820520e-08"
"1"," 1.191934e-04"
"1"," 4.389456e-19"
"1","
"
"1","      "
"1","          5689"
"1","          5731"
"1","         5765"
"1","         5828"
"1","         5902"
"1","          5933"
"1","         5980"
"1","          6118"
"1","
  [1,]"
"1","  1.885593e-23"
"1","  6.465697e-14"
"1"," 1.006343e-07"
"1"," 1.329897e-05"
"1"," 1.719314e-09"
"1","  1.621409e-10"
"1"," 1.966011e-08"
"1","  4.580063e-85"
"1","
  [2,]"
"1","  6.403260e-07"
"1","  3.234383e-05"
"1"," 4.199788e-11"
"1"," 4.931530e-09"
"1"," 2.277724e-20"
"1","  7.006491e-12"
"1"," 6.000879e-11"
"1","  5.158269e-16"
"1","
  [3,]"
"1","  8.493198e-16"
"1","  8.588919e-13"
"1"," 1.410962e-05"
"1"," 2.304084e-05"
"1"," 7.666454e-02"
"1","  1.035751e-83"
"1"," 5.904824e-08"
"1"," 5.052818e-292"
"1","
"
"1","      "
"1","         6179"
"1","          6261"
"1","         6349"
"1","         6388"
"1","          6430"
"1","          6434"
"1","          6472"
"1","          6516"
"1","
  [1,]"
"1"," 8.932234e-08"
"1","  4.345139e-22"
"1"," 2.818553e-07"
"1"," 1.363328e-12"
"1","  9.502262e-26"
"1","  7.126413e-25"
"1","  1.545024e-09"
"1","  6.472524e-27"
"1","
  [2,]"
"1"," 1.610977e-10"
"1","  4.168437e-07"
"1"," 2.979941e-11"
"1"," 1.283205e-06"
"1","  1.895657e-09"
"1","  8.470396e-10"
"1","  4.494560e-32"
"1","  3.172137e-09"
"1","
  [3,]"
"1"," 2.142094e-05"
"1","  9.809320e-16"
"1"," 1.418337e-10"
"1"," 8.178295e-23"
"1","  5.156340e-23"
"1","  3.444214e-13"
"1"," 8.739485e-112"
"1","  1.090577e-39"
"1","
"
"1","      "
"1","          6540"
"1","          6549"
"1","         6583"
"1","         6586"
"1","          6728"
"1","          6755"
"1","          6804"
"1","         6811"
"1","
  [1,]"
"1","  6.327324e-25"
"1","  5.040425e-07"
"1"," 1.264378e-24"
"1"," 1.728727e-06"
"1","  2.476314e-06"
"1","  6.602386e-10"
"1","  4.158101e-09"
"1"," 3.387423e-06"
"1","
  [2,]"
"1","  1.668436e-09"
"1","  1.627199e-22"
"1"," 2.099449e-09"
"1"," 6.899827e-09"
"1","  9.031110e-09"
"1","  9.805615e-11"
"1","  5.817694e-07"
"1"," 3.507243e-10"
"1","
  [3,]"
"1","  3.157880e-18"
"1","  8.265654e-54"
"1"," 1.543003e-10"
"1"," 3.488157e-05"
"1","  1.098779e-24"
"1","  3.800614e-37"
"1","  4.790540e-32"
"1"," 2.148872e-19"
"1","
"
"1","      "
"1","          6812"
"1","          7005"
"1","          7140"
"1","         7441"
"1","         7446"
"1","         7457"
"1","         7484"
"1","         7510"
"1","
  [1,]"
"1","  2.698479e-91"
"1","  1.842639e-24"
"1","  2.752711e-24"
"1"," 3.923087e-07"
"1"," 1.074844e-07"
"1"," 1.257461e-06"
"1"," 1.936444e-05"
"1"," 1.165701e-10"
"1","
  [2,]"
"1","  2.445506e-11"
"1","  3.786087e-08"
"1","  9.505001e-08"
"1"," 3.421348e-11"
"1"," 2.787264e-11"
"1"," 2.125203e-04"
"1"," 1.921634e-09"
"1"," 2.788719e-10"
"1","
  [3,]"
"1"," 1.585316e-267"
"1","  7.465197e-97"
"1","  2.849310e-14"
"1"," 1.917102e-08"
"1"," 9.923463e-10"
"1"," 1.466274e-12"
"1"," 1.866327e-05"
"1"," 5.870373e-03"
"1","
"
"1","      "
"1","          7632"
"1","          7639"
"1","         7654"
"1","         7779"
"1","          7879"
"1","         7880"
"1","         7945"
"1","         7969"
"1","
  [1,]"
"1","  8.817555e-10"
"1","  6.772658e-26"
"1"," 2.396740e-04"
"1"," 1.962387e-02"
"1","  3.194198e-01"
"1"," 5.166763e-09"
"1"," 4.080625e-05"
"1"," 2.570641e-11"
"1","
  [2,]"
"1","  4.941236e-10"
"1","  4.887177e-04"
"1"," 1.804373e-08"
"1"," 4.427017e-05"
"1","  2.499188e-06"
"1"," 4.967581e-13"
"1"," 9.380730e-09"
"1"," 3.834074e-09"
"1","
  [3,]"
"1","  3.901508e-57"
"1","  2.175217e-38"
"1"," 6.770998e-08"
"1"," 7.090736e-11"
"1","  3.417252e-22"
"1"," 2.229317e-03"
"1"," 3.547369e-07"
"1"," 3.163253e-05"
"1","
"
"1","      "
"1","         7991"
"1","         8095"
"1","         8381"
"1","          8474"
"1","          8620"
"1","         8938"
"1","         9094"
"1","          9278"
"1","
  [1,]"
"1"," 1.210160e-06"
"1"," 1.489183e-22"
"1"," 7.439045e-08"
"1","  2.459570e-71"
"1","  2.102734e-30"
"1"," 3.720706e-09"
"1"," 6.667668e-09"
"1","  8.684609e-25"
"1","
  [2,]"
"1"," 2.795949e-11"
"1"," 5.176692e-08"
"1"," 2.057140e-11"
"1","  5.471271e-16"
"1","  7.244178e-08"
"1"," 5.039132e-08"
"1"," 4.064478e-12"
"1","  1.851086e-08"
"1","
  [3,]"
"1"," 7.701037e-07"
"1"," 4.013158e-07"
"1"," 1.165116e-07"
"1"," 6.355854e-272"
"1","  2.245387e-89"
"1"," 4.493462e-16"
"1"," 6.362296e-09"
"1","  1.452839e-96"
"1","
"
"1","      "
"1","          9355"
"1","          9610"
"1","         9667"
"1","         9715"
"1","         9725"
"1","         9824"
"1","         9852"
"1","         9884"
"1","
  [1,]"
"1","  5.123809e-06"
"1","  2.141630e-33"
"1"," 4.792883e-08"
"1"," 3.744450e-07"
"1"," 2.300633e-05"
"1"," 1.135032e-07"
"1"," 2.986728e-06"
"1"," 2.055798e-15"
"1","
  [2,]"
"1","  7.231601e-20"
"1","  3.922806e-06"
"1"," 1.067375e-11"
"1"," 7.488592e-05"
"1"," 7.081256e-09"
"1"," 3.960752e-05"
"1"," 4.092466e-11"
"1"," 5.128149e-13"
"1","
  [3,]"
"1","  3.770559e-39"
"1"," 1.433620e-137"
"1"," 2.692617e-02"
"1"," 2.580068e-10"
"1"," 2.512251e-08"
"1"," 6.857142e-13"
"1"," 1.646697e-07"
"1"," 2.350288e-07"
"1","
"
"1","      "
"1","         9907"
"1","         9936"
"1","          9950"
"1","          9980"
"1","          9998"
"1","        10239"
"1","        10252"
"1","        10388"
"1","
  [1,]"
"1"," 1.730051e-08"
"1"," 4.046809e-06"
"1","  1.405838e-07"
"1","  3.465637e-03"
"1","  4.517654e-21"
"1"," 1.849055e-05"
"1"," 2.334716e-02"
"1"," 3.042913e-13"
"1","
  [2,]"
"1"," 1.355183e-07"
"1"," 1.363764e-09"
"1","  2.700339e-04"
"1","  3.073968e-23"
"1","  1.252954e-04"
"1"," 2.498126e-11"
"1"," 2.897080e-10"
"1"," 3.344702e-27"
"1","
  [3,]"
"1"," 1.033239e-15"
"1"," 7.965271e-05"
"1","  1.523432e-33"
"1","  1.125264e-45"
"1","  3.182474e-99"
"1"," 6.593262e-06"
"1"," 1.557776e-11"
"1"," 4.478287e-04"
"1","
"
"1","      "
"1","         10496"
"1","        10502"
"1","        10512"
"1","        10686"
"1","         10851"
"1","        10883"
"1","        10965"
"1","        11244"
"1","
  [1,]"
"1","  2.432364e-23"
"1"," 5.632780e-06"
"1"," 1.269283e-07"
"1"," 9.236098e-09"
"1","  3.270616e-08"
"1"," 1.817483e-07"
"1"," 4.207222e-09"
"1"," 6.325032e-08"
"1","
  [2,]"
"1","  7.623983e-08"
"1"," 2.667799e-09"
"1"," 1.641326e-15"
"1"," 2.136664e-12"
"1","  1.307815e-19"
"1"," 6.436273e-05"
"1"," 2.670882e-07"
"1"," 1.357690e-04"
"1","
  [3,]"
"1","  2.688051e-14"
"1"," 6.317269e-06"
"1"," 9.473274e-15"
"1"," 3.964455e-05"
"1","  1.809160e-64"
"1"," 2.680281e-13"
"1"," 1.609761e-14"
"1"," 2.258315e-15"
"1","
"
"1","      "
"1","        11836"
"1","        11994"
"1","         11996"
"1","        12965"
"1","        13247"
"1","        13320"
"1","         13503"
"1","        13525"
"1","
  [1,]"
"1"," 6.780770e-07"
"1"," 2.155863e-08"
"1","  6.040563e-35"
"1"," 6.964710e-14"
"1"," 5.725846e-11"
"1"," 9.983952e-02"
"1","  1.293767e-09"
"1"," 6.317103e-07"
"1","
  [2,]"
"1"," 1.587630e-10"
"1"," 1.565832e-08"
"1","  4.424117e-08"
"1"," 2.776704e-26"
"1"," 1.175430e-10"
"1"," 1.307630e-05"
"1","  2.342824e-26"
"1"," 1.093876e-14"
"1","
  [3,]"
"1"," 1.245053e-06"
"1"," 2.031027e-05"
"1"," 7.901801e-194"
"1"," 7.166990e-20"
"1"," 7.723541e-05"
"1"," 1.323227e-08"
"1"," 5.575896e-108"
"1"," 8.239708e-08"
"1","
"
"1","      "
"1","        13591"
"1","        13758"
"1","        13872"
"1","         13964"
"1","        14026"
"1","        14275"
"1","        14336"
"1","        14732"
"1","
  [1,]"
"1"," 1.025773e-03"
"1"," 6.597724e-06"
"1"," 9.518876e-19"
"1","  1.411803e-22"
"1"," 7.451652e-10"
"1"," 2.974083e-06"
"1"," 1.023391e-07"
"1"," 4.162118e-08"
"1","
  [2,]"
"1"," 2.873714e-01"
"1"," 6.681987e-10"
"1"," 3.917139e-10"
"1","  1.914023e-10"
"1"," 7.636019e-08"
"1"," 1.569694e-10"
"1"," 7.757826e-09"
"1"," 9.686993e-08"
"1","
  [3,]"
"1"," 4.386472e-12"
"1"," 3.229170e-05"
"1"," 4.303392e-05"
"1","  8.974158e-19"
"1"," 1.224138e-07"
"1"," 7.054749e-05"
"1"," 6.687253e-05"
"1"," 1.193104e-07"
"1","
"
"1","      "
"1","         14756"
"1","         16124"
"1","        16328"
"1","         16555"
"1","        16659"
"1","        16704"
"1","        16823"
"1","        16835"
"1","
  [1,]"
"1","  5.117472e-09"
"1","  1.740312e-24"
"1"," 1.426772e-05"
"1","  1.327436e-07"
"1"," 2.133439e-24"
"1"," 9.130798e-08"
"1"," 5.082592e-08"
"1"," 2.809475e-07"
"1","
  [2,]"
"1","  1.791080e-05"
"1","  2.620556e-07"
"1"," 2.171796e-16"
"1","  3.420994e-10"
"1"," 9.155935e-10"
"1"," 1.866115e-11"
"1"," 1.637114e-11"
"1"," 3.325796e-11"
"1","
  [3,]"
"1","  1.010740e-96"
"1","  1.950818e-17"
"1"," 8.880944e-09"
"1","  1.738544e-30"
"1"," 4.042268e-08"
"1"," 7.440337e-06"
"1"," 4.552184e-08"
"1"," 3.390627e-07"
"1","
"
"1","      "
"1","        16856"
"1","        17046"
"1","        17328"
"1","         17399"
"1","        17444"
"1","        17465"
"1","         17584"
"1","        17639"
"1","
  [1,]"
"1"," 5.786524e-10"
"1"," 2.767514e-10"
"1"," 5.567612e-06"
"1","  8.692655e-09"
"1"," 2.006971e-06"
"1"," 8.803157e-08"
"1","  1.688500e-23"
"1"," 3.451677e-24"
"1","
  [2,]"
"1"," 1.707975e-13"
"1"," 2.224370e-29"
"1"," 4.288483e-13"
"1","  1.605499e-10"
"1"," 5.481041e-10"
"1"," 8.387859e-11"
"1","  3.067870e-08"
"1"," 2.202408e-09"
"1","
  [3,]"
"1"," 1.052911e-07"
"1"," 9.638691e-09"
"1"," 3.634334e-10"
"1","  7.121268e-97"
"1"," 4.734725e-07"
"1"," 4.178845e-02"
"1","  5.395831e-13"
"1"," 3.991821e-08"
"1","
"
"1","      "
"1","        17875"
"1","        18041"
"1","        18172"
"1","        18265"
"1","        18430"
"1","        19045"
"1","        19068"
"1","        19141"
"1","
  [1,]"
"1"," 9.012170e-04"
"1"," 1.578708e-26"
"1"," 4.326846e-10"
"1"," 6.567349e-09"
"1"," 1.289119e-05"
"1"," 1.227462e-06"
"1"," 3.431931e-08"
"1"," 1.512726e-05"
"1","
  [2,]"
"1"," 1.497598e-01"
"1"," 3.276997e-13"
"1"," 1.240000e-12"
"1"," 8.378200e-07"
"1"," 3.350967e-09"
"1"," 1.349979e-09"
"1"," 1.669976e-12"
"1"," 1.427722e-11"
"1","
  [3,]"
"1"," 9.671809e-13"
"1"," 2.958246e-06"
"1"," 1.718303e-08"
"1"," 1.523662e-08"
"1"," 1.041171e-06"
"1"," 5.018613e-05"
"1"," 2.448079e-02"
"1"," 4.856377e-07"
"1","
"
"1","      "
"1","         19161"
"1","        19190"
"1","         19197"
"1","        19202"
"1","        19232"
"1","         19237"
"1","        19272"
"1","        19331"
"1","
  [1,]"
"1","  2.521576e-07"
"1"," 2.474449e-05"
"1","  1.116000e-13"
"1"," 1.000992e-22"
"1"," 4.898845e-02"
"1","  7.602903e-03"
"1"," 2.023139e-05"
"1"," 2.636088e-05"
"1","
  [2,]"
"1","  2.587177e-08"
"1"," 1.719973e-10"
"1","  2.703970e-30"
"1"," 5.966152e-08"
"1"," 2.375469e-06"
"1","  1.152647e-20"
"1"," 8.673818e-09"
"1"," 3.058493e-08"
"1","
  [3,]"
"1","  1.605749e-94"
"1"," 3.510977e-07"
"1"," 2.079868e-106"
"1"," 7.862422e-07"
"1"," 9.260467e-11"
"1","  8.299226e-60"
"1"," 3.098636e-06"
"1"," 5.542332e-05"
"1","
"
"1","      "
"1","         19406"
"1","        19419"
"1","        19513"
"1","         19517"
"1","        19537"
"1","        19586"
"1","        19847"
"1","        19973"
"1","
  [1,]"
"1","  1.352306e-22"
"1"," 5.010448e-07"
"1"," 8.350130e-05"
"1","  7.790374e-06"
"1"," 5.029350e-06"
"1"," 3.860762e-06"
"1"," 6.731349e-06"
"1"," 6.580707e-05"
"1","
  [2,]"
"1","  3.933130e-08"
"1"," 9.923385e-05"
"1"," 3.711417e-08"
"1","  1.290780e-05"
"1"," 3.022963e-10"
"1"," 8.592608e-06"
"1"," 1.467949e-09"
"1"," 1.349579e-09"
"1","
  [3,]"
"1","  4.270761e-08"
"1"," 2.578615e-07"
"1"," 7.250162e-07"
"1","  6.281066e-24"
"1"," 6.724971e-05"
"1"," 1.097957e-07"
"1"," 2.860327e-05"
"1"," 1.189970e-04"
"1","
"
"1"," [ reached getOption(""max.print"") -- omitted 597 rows ]
"
